"profile","Park","year","min_dist_to_BP","q1_dist_to_BP","med_dist_to_BP","q3_dist_to_BP","max_dist_to_BP"
1,"Haynisisoos Park, North Beach","97",301.111220519066,317.135410024298,333.164963290997,349.199141669491,365.23733602326
1,"Haynisisoos Park, North Beach","98",299.498846366663,330.354261298392,361.235871457466,392.137488113363,423.05472722411
1,"Haynisisoos Park, North Beach","99",298.395346840984,328.267881966471,358.165203354099,388.081582537927,418.012927748782
2,"Santiago, North Beach","97",639.535742938988,554.209017065463,469.027234805893,384.086843924015,299.593231989995
2,"Santiago, North Beach","98",690.174303577519,591.078824990832,492.009483722249,392.986047435513,294.054895506988
2,"Santiago, North Beach","99",776.915014262405,656.24991722069,535.592446948892,414.949256555553,294.337905669786
2,"Santiago, North Beach","10",705.100796943498,608.124720887356,511.163971921149,414.229313252896,317.34465405562
2,"Santiago, North Beach","11",860.171763537844,724.158273354145,588.162418077005,452.200108691552,316.314605503153
2,"Santiago, North Beach","12",777.525899214536,662.424418393128,547.340471028904,432.28806064638,317.30149469752
2,"Santiago, North Beach","13",734.38918821579,629.966762709656,525.560408165804,421.182076192493,316.859461184573
2,"Santiago, North Beach","14",741.386339243716,638.714207218551,536.057162819401,433.425926703389,330.844517695136
2,"Santiago, North Beach","15",773.890810715315,659.31893372116,544.764034259534,430.239673772785,315.779080940142
2,"Santiago, North Beach","16",786.236721586175,670.967209541346,555.71272542366,440.485065722836,325.312735780306
2,"Santiago, North Beach","17",790.116737220879,672.269736604163,554.438145866581,436.634440866652,318.889527627904
2,"Santiago, North Beach","18",766.587356277753,660.262123762205,553.950509674746,447.662216505649,341.41902528786
2,"Santiago, North Beach","19",855.437037882559,727.320259176508,599.218058477577,471.142327086465,343.122706489997
3,"L443, North Beach","97",580.016030641295,507.462809946574,434.929625275473,362.428506316793,289.983505091584
3,"L443, North Beach","98",777.32468657656,655.051253518109,532.785119069874,410.532804366892,288.311889822137
3,"L443, North Beach","99",768.741880801499,649.15912735213,529.675276662555,410.376726371194,291.491079011585
3,"L443, North Beach","10",740.282640137322,634.345284799285,528.410278840311,422.479389556071,316.556749720795
3,"L443, North Beach","11",909.56427837253,763.75971248715,617.957803888295,472.161014268708,326.376203858221
3,"L443, North Beach","12",787.865470274841,672.239539069888,556.616031509901,440.996853941441,325.386622106914
3,"L443, North Beach","13",813.644311421634,698.227285072226,582.812166266843,467.400368096545,351.995156875429
3,"L443, North Beach","14",801.332967480588,687.919955264547,574.508919922889,461.1013201354,347.700517586773
3,"L443, North Beach","15",869.431134476502,736.836950447588,604.244863999059,471.656644149218,339.076826762733
3,"L443, North Beach","16",908.119679432922,769.065557814437,630.013691198826,490.965995582072,351.92741492558
3,"L443, North Beach","17",796.3173643735,685.140249701703,573.965369000553,462.794332241245,351.630785326607
3,"L443, North Beach","18",863.238687820753,734.957751337574,606.679122632022,478.404658118681,350.138934520861
3,"L443, North Beach","19",912.820666900815,772.317654436083,631.817178337499,491.321414541829,350.83602436003
4,"B1, North Beach","97",641.875338673192,556.188913943401,470.516815231303,384.868609609022,299.264812055208
4,"B1, North Beach","98",828.377730598214,696.123142940742,564.106404107097,432.545349763324,302.036030101415
4,"B1, North Beach","99",829.11743343956,695.67429710857,562.307287090009,429.087392968411,296.213174466086
4,"B1, North Beach","10",790.665518767932,674.541909494416,558.42693446132,442.327393421536,326.25976335132
4,"B1, North Beach","11",865.146647753852,728.653849550584,592.170705455791,455.705889719615,319.282904397185
4,"B1, North Beach","12",862.570916895826,727.502092834015,592.443083797872,457.402584230471,322.40385332709
4,"B1, North Beach","13",865.757582382418,733.469808865789,601.190858761056,468.928199059598,336.701027862886
4,"B1, North Beach","14",836.824276617781,714.997749478425,593.179361553443,471.375423179966,349.601037719596
4,"B1, North Beach","15",881.12151658862,743.108428815995,605.105625847905,467.122223151093,329.182617651453
4,"B1, North Beach","16",903.656805555445,762.053330446104,620.459233892477,478.882835004562,337.346416407118
4,"B1, North Beach","17",871.630293518445,738.015571667213,604.409020934435,470.817597663874,337.259278704779
4,"B1, North Beach","18",859.548160347921,727.269573684859,594.999462997584,462.74509660991,330.525374540394
4,"B1, North Beach","19",890.237944588416,752.277207901574,614.325232173121,476.389628407284,338.490412030586
5,"A1.5, North Beach","97",589.308433061621,515.852871363889,442.407117333166,368.977027734225,295.574277432843
5,"A1.5, North Beach","98",700.24595331103,598.506318607682,496.912573521077,395.57713793714,294.766538838662
5,"A1.5, North Beach","99",813.537854750292,682.546008876966,551.703802558674,421.150727985956,291.275821190346
5,"A1.5, North Beach","10",754.748874165804,638.733993843514,522.727983146598,406.738431272763,290.785034381795
5,"A1.5, North Beach","11",822.372384456152,688.332474303609,554.302824797089,420.293252274394,286.331947517304
5,"A1.5, North Beach","12",815.14305310026,683.10659983131,551.080884222741,419.076054774668,287.120920384496
5,"A1.5, North Beach","13",814.694569854868,682.619600858001,550.554985272656,418.510524539254,286.514086041469
5,"A1.5, North Beach","14",797.680648091346,671.408249005065,545.146097194462,418.903458689888,292.70558259117
5,"A1.5, North Beach","15",829.511299507168,695.222841411795,560.945367605207,426.689248354392,292.483891678098
5,"A1.5, North Beach","16",874.187925229602,728.574582195427,582.971705714677,437.389748559781,291.860016557869
5,"A1.5, North Beach","17",745.51385915012,631.219540404446,516.934536931584,402.666780399985,288.436769298656
5,"A1.5, North Beach","18",812.15571680879,680.423440636628,548.701441085215,416.999456820746,285.345203546861
5,"A1.5, North Beach","19",837.46526722196,699.139299980956,560.823417482872,422.527523672827,284.28079212216
6,"Moclips, North Beach","97",555.19390963543,488.836080726059,422.478580914425,356.121594166774,289.765472961909
6,"Moclips, North Beach","98",683.745727332474,584.488671197046,485.293395656226,386.207507662662,287.34419096276
6,"Moclips, North Beach","99",746.500516962522,632.640768334051,518.849112795207,405.182924239914,291.788866305706
6,"Moclips, North Beach","10",639.376273617792,552.688891329105,466.005065634382,379.327234799015,292.660725394893
6,"Moclips, North Beach","11",837.403842592001,702.996811140442,568.593729972247,434.198267451839,299.82066899547
6,"Moclips, North Beach","12",796.105205645013,673.518932165505,550.937196258228,428.363893391616,305.809164034701
6,"Moclips, North Beach","13",838.082444580886,704.43301195191,570.788098736649,437.151849944559,303.535709726706
6,"Moclips, North Beach","14",863.331502041909,724.521996664257,585.71674788192,446.919721778881,308.142029828714
6,"Moclips, North Beach","15",791.358290403682,668.695309010843,546.036015191569,423.383613960413,300.746538375425
6,"Moclips, North Beach","16",844.208934820084,707.279434957032,570.354269049252,433.437544472971,296.540953868584
6,"Moclips, North Beach","17",751.684414054839,636.330065485441,520.979937266367,405.637629804071,290.312464902397
6,"Moclips, North Beach","18",835.986866473975,701.08323141104,566.184341840096,431.294650621107,296.426715216727
6,"Moclips, North Beach","19",871.014564984107,729.76641542758,588.52285881241,447.288246202157,306.074959158063
7,"Pacific Beach, North Beach","97",579.978895569376,508.570866669498,437.176814221049,365.80492165681,294.471302290368
7,"Pacific Beach, North Beach","98",800.301829147607,673.909010301205,547.516204686198,421.12342421604,294.730701240201
7,"Pacific Beach, North Beach","99",771.721335172513,652.657236713662,533.602666744212,414.565834489419,295.568171735115
7,"Pacific Beach, North Beach","10",674.347017406592,582.157959502946,489.987108852961,397.847120102082,305.765894446957
7,"Pacific Beach, North Beach","11",761.954119379346,647.558990288696,533.185382926841,418.850928169542,304.599718136169
7,"Pacific Beach, North Beach","12",793.041586093214,671.32017096804,549.61980625946,427.958450933763,306.382579183895
7,"Pacific Beach, North Beach","13",864.465466827967,724.858214563162,585.273161435816,445.731163561834,306.291072738055
7,"Pacific Beach, North Beach","14",819.915988490249,694.0987518488,568.302650456685,442.545708120771,316.874551042028
7,"Pacific Beach, North Beach","15",862.340225619514,723.183984013823,584.050289642707,444.960293750371,305.973595726999
7,"Pacific Beach, North Beach","16",766.899180244675,651.607283200846,536.335427080222,421.100070200297,305.942458420759
7,"Pacific Beach, North Beach","17",755.225407540481,642.873798049257,530.543456647682,418.251519680235,306.040263997627
7,"Pacific Beach, North Beach","18",759.633819586159,646.378055903213,533.142688331233,419.94421625086,306.823478693787
7,"Pacific Beach, North Beach","19",844.362827061904,710.767359383927,577.194560562667,443.6649055949,310.234108869194
8,"Roosevelt Beach Rd OBA, North Beach","97",580.167469739168,508.534035058812,436.93243052863,365.381369321098,293.917766409435
8,"Roosevelt Beach Rd OBA, North Beach","98",741.375496768826,628.468012685009,515.661026082491,403.038930831591,290.816610262412
8,"Roosevelt Beach Rd OBA, North Beach","99",723.727433324284,616.202216938173,508.684594351087,401.180671092128,293.705490488262
8,"Roosevelt Beach Rd OBA, North Beach","10",658.459187582183,568.854085732804,479.290343722425,389.796472410055,300.434917757861
8,"Roosevelt Beach Rd OBA, North Beach","11",800.134751283876,674.901382173643,549.715590063596,424.619456819167,299.72526605404
8,"Roosevelt Beach Rd OBA, North Beach","12",763.222492647781,647.428017259854,531.681147593631,416.021620596641,300.550288346475
8,"Roosevelt Beach Rd OBA, North Beach","13",789.620465462637,667.461145706486,545.348454707571,423.322746317563,301.489655745531
8,"Roosevelt Beach Rd OBA, North Beach","14",753.075975747691,640.050387981401,527.068865606992,414.167472237594,301.436257038619
8,"Roosevelt Beach Rd OBA, North Beach","15",774.633811355715,656.209016152002,537.828626573878,419.530234601674,301.410403647482
8,"Roosevelt Beach Rd OBA, North Beach","16",724.726405930533,618.686642714761,512.691448590154,406.775665698447,301.023128869684
8,"Roosevelt Beach Rd OBA, North Beach","17",782.047552496869,661.56803685946,541.134594987243,420.786789075038,300.627482606434
8,"Roosevelt Beach Rd OBA, North Beach","18",715.761441414887,611.939883824582,508.160771846989,404.456780018541,300.905586508042
8,"Roosevelt Beach Rd OBA, North Beach","19",747.055542224252,635.510718104078,524.010079052365,412.589449135403,301.33759239993
9,"Griffiths-Priday State Park, North Beach","97",747.26648774764,608.235604816078,469.207093004206,330.183947503633,191.177875699155
9,"Griffiths-Priday State Park, North Beach","98",799.413173458988,647.546293283286,495.702234055805,343.911224894924,192.29893194556
9,"Griffiths-Priday State Park, North Beach","99",820.364337643168,663.214944796555,506.173587697293,349.385975848012,193.46999951479
9,"Griffiths-Priday State Park, North Beach","10",802.776923303228,663.917956073129,525.059698537069,386.202916201802,247.350093513386
9,"Griffiths-Priday State Park, North Beach","11",936.186243174294,764.42231537791,592.658919596806,420.896707160527,249.138125565879
9,"Griffiths-Priday State Park, North Beach","12",882.728368345225,733.640182165049,584.552470204207,435.46571952956,286.381431447361
9,"Griffiths-Priday State Park, North Beach","13",931.38196941963,769.762544348531,608.143614204693,446.525716401702,284.910607756586
9,"Griffiths-Priday State Park, North Beach","14",931.592183165313,771.348588040865,611.105439896126,450.863215320037,290.623442011981
9,"Griffiths-Priday State Park, North Beach","15",917.729572322246,760.080732009431,602.432405079875,444.785137420069,287.140673730368
9,"Griffiths-Priday State Park, North Beach","16",840.338781752107,701.200820534934,562.063468012301,422.927324941429,283.79417020644
9,"Griffiths-Priday State Park, North Beach","17",922.885646294063,764.163850411566,605.44244969648,446.721865360871,288.003447144085
9,"Griffiths-Priday State Park, North Beach","18",848.514108618479,708.799408855128,569.085285111603,429.372299684249,289.662099713014
9,"Griffiths-Priday State Park, North Beach","19",905.891702346758,752.807701976024,599.724525657554,446.643020703393,293.565801751497
10,"Ocean City OBA, North Beach","97",677.926986504763,521.534125246559,365.296896905634,209.563680794273,58.5079828243241
10,"Ocean City OBA, North Beach","98",705.238040198669,540.979367512178,376.929862775574,213.572070921429,57.1786686697377
10,"Ocean City OBA, North Beach","99",670.17402920193,518.624744565287,367.331618585463,216.831516224982,72.2619604135231
10,"Ocean City OBA, North Beach","10",724.863375426215,611.04938266532,497.282192596854,383.603449005658,270.124839844393
10,"Ocean City OBA, North Beach","11",824.763559190164,689.250045779278,553.781419377267,418.401282371824,283.236550493317
10,"Ocean City OBA, North Beach","12",834.234609524913,703.227818754238,572.261446472708,441.371473791448,310.654485470919
10,"Ocean City OBA, North Beach","13",766.825027180543,648.266706751582,529.749881248203,411.310421835195,293.042151176041
10,"Ocean City OBA, North Beach","14",786.718738905336,649.663750300774,512.663151565338,375.776435795107,239.199198645733
10,"Ocean City OBA, North Beach","15",836.008486446948,702.627617252698,569.288869112276,436.030885738736,302.960259762104
10,"Ocean City OBA, North Beach","16",893.47738870296,745.075903872223,596.717573730046,448.445230686255,300.386232893483
10,"Ocean City OBA, North Beach","17",795.24310940743,659.412353610665,523.631359951934,387.952381294745,252.539896206148
10,"Ocean City OBA, North Beach","18",829.351918794892,687.444047859621,545.586955363794,403.834156536208,262.354758493402
10,"Ocean City OBA, North Beach","19",826.028179577603,699.706724869445,573.423752966811,447.211865197407,321.154879377427
11,"Ocean Shores SR 115 OBA, North Beach","97",684.935816399689,541.862015862217,398.816529385758,255.846853055139,113.240489909812
11,"Ocean Shores SR 115 OBA, North Beach","98",691.078207778051,545.184519056742,399.31111956816,253.493038248834,107.954668767347
11,"Ocean Shores SR 115 OBA, North Beach","99",649.189474142607,527.352235186737,405.515179804833,283.678544526464,161.843278124147
11,"Ocean Shores SR 115 OBA, North Beach","10",767.235854229465,641.879874725296,516.523907643871,391.167964928441,265.812081051764
11,"Ocean Shores SR 115 OBA, North Beach","11",874.433627510738,729.64681906291,584.860010618401,440.073202180544,295.286393759118
11,"Ocean Shores SR 115 OBA, North Beach","12",851.046586014305,719.310055683904,587.573545355798,455.837072371921,324.100682269952
11,"Ocean Shores SR 115 OBA, North Beach","13",890.818550002204,749.822810490378,608.827081139775,467.831371137528,326.835705524127
11,"Ocean Shores SR 115 OBA, North Beach","14",845.200741796069,715.541647242812,585.882562101766,456.223494397801,326.564464900568
11,"Ocean Shores SR 115 OBA, North Beach","15",867.05140462588,726.143495455622,585.235589252986,444.327688841359,303.419802288757
11,"Ocean Shores SR 115 OBA, North Beach","16",905.376247799558,752.592300327394,599.808391746196,447.024561932397,294.240933585311
11,"Ocean Shores SR 115 OBA, North Beach","17",862.668761698912,721.437852441921,580.206944006744,438.976037186671,297.745134279933
11,"Ocean Shores SR 115 OBA, North Beach","18",884.721250997512,747.884329003568,611.047412131755,474.21050481616,337.373618684661
11,"Ocean Shores SR 115 OBA, North Beach","19",868.226077186523,737.914279171497,607.602488255313,477.290710252482,346.978959712294
12,"Ocean Shores Pacific Blvd OBA, North Beach","97",658.741990841643,517.699478499706,376.670877005791,235.681159905334,94.9037864836885
12,"Ocean Shores Pacific Blvd OBA, North Beach","98",656.175573135783,518.639832589578,381.132527149385,243.701794593966,106.644082159506
12,"Ocean Shores Pacific Blvd OBA, North Beach","99",657.960939848462,522.368373886159,386.819052938907,251.382941757188,116.455695894805
12,"Ocean Shores Pacific Blvd OBA, North Beach","10",761.329472075783,622.633364571886,484.039081636237,345.669123108459,207.971721722096
12,"Ocean Shores Pacific Blvd OBA, North Beach","11",824.837888228484,693.684633004502,562.598174481201,431.639374300071,300.974916922164
12,"Ocean Shores Pacific Blvd OBA, North Beach","12",821.559358873068,697.575995836987,573.649344406192,449.826278979939,326.224773335526
12,"Ocean Shores Pacific Blvd OBA, North Beach","13",809.483419179774,682.894995969841,556.368044078636,429.956835950677,303.805886129746
12,"Ocean Shores Pacific Blvd OBA, North Beach","14",799.252706762664,683.714159304368,568.229921167844,452.841544360563,337.647322806856
12,"Ocean Shores Pacific Blvd OBA, North Beach","15",806.180530468442,685.022967521881,563.921772588565,442.923183415886,322.14283859179
12,"Ocean Shores Pacific Blvd OBA, North Beach","16",917.145257978418,762.848961916167,608.619944374333,454.52669692029,300.777963397833
12,"Ocean Shores Pacific Blvd OBA, North Beach","17",784.629649717233,662.737585833414,540.909854468519,419.202547904854,297.763369477607
12,"Ocean Shores Pacific Blvd OBA, North Beach","18",864.908974075606,712.53215552961,560.237533962748,408.11713861024,256.481160641406
12,"Ocean Shores Pacific Blvd OBA, North Beach","19",924.781029883929,768.354157725336,611.996670017165,455.779980350229,299.924175120446
13,"Ocean Shores Butter Clam St OBA, North Beach","97",546.973327737172,438.876143823353,330.896186360046,223.203653301216,116.597700300763
13,"Ocean Shores Butter Clam St OBA, North Beach","98",537.498786573069,431.764856126653,326.051268512431,220.387299327826,114.909908212525
13,"Ocean Shores Butter Clam St OBA, North Beach","99",566.657149997102,453.630946284489,340.611114424868,227.607146573251,114.665954543342
13,"Ocean Shores Butter Clam St OBA, North Beach","10",703.393587839093,574.785512175985,446.187047455573,317.609868143736,189.097398403289
13,"Ocean Shores Butter Clam St OBA, North Beach","11",692.81030595819,575.263629898985,457.724580009009,340.201060876551,222.717659640838
13,"Ocean Shores Butter Clam St OBA, North Beach","12",692.461630173371,576.491852450557,460.529212027613,344.580914777784,228.668780197135
13,"Ocean Shores Butter Clam St OBA, North Beach","13",687.051136852908,560.131835096083,433.222092691564,306.333790781769,179.512400753037
13,"Ocean Shores Butter Clam St OBA, North Beach","14",703.734637405224,606.738747329448,509.747499834222,412.764167670669,315.796043496035
13,"Ocean Shores Butter Clam St OBA, North Beach","15",708.323085262589,558.113122163576,407.909498439586,257.723298275697,107.627486274539
13,"Ocean Shores Butter Clam St OBA, North Beach","16",705.42440390737,578.054950550777,450.694847796048,323.355144614995,196.075590050122
13,"Ocean Shores Butter Clam St OBA, North Beach","17",669.798902850605,549.968314770698,430.147609796632,310.348235287337,190.610414322916
13,"Ocean Shores Butter Clam St OBA, North Beach","18",693.059703957065,580.710846072236,468.368562684678,356.039077272698,243.740084613847
13,"Ocean Shores Butter Clam St OBA, North Beach","19",740.67062270333,605.434735474716,470.207777848551,335.000563619745,199.85316797128
13,"Ocean Shores Butter Clam St OBA, North Beach","20",690.520679227995,566.841506789114,443.171720967976,319.522221107992,195.931417509201
13,"Ocean Shores Butter Clam St OBA, North Beach","21",679.734797511463,552.844752451734,425.964520354686,299.106589380153,172.320219191891
13,"Ocean Shores Butter Clam St OBA, North Beach","22",709.54544496233,576.974927308078,444.414370457624,311.876475945274,179.411475325725
14,"Ocean Shores North Jetty North, North Beach","97",380.465836326042,359.389619522234,338.316171164308,317.246042944743,296.179943444515
14,"Ocean Shores North Jetty North, North Beach","98",463.671417291058,417.107292701477,370.544942915679,323.985133145954,277.429142237022
14,"Ocean Shores North Jetty North, North Beach","99",541.698436146378,456.077689962598,370.509843292579,285.042540349112,199.804846731959
14,"Ocean Shores North Jetty North, North Beach","10",550.629335286076,483.797374957514,416.98459286368,350.20196585305,283.470807351923
14,"Ocean Shores North Jetty North, North Beach","11",575.469460579033,492.00310584032,408.569212175737,325.192765914723,241.933167946474
14,"Ocean Shores North Jetty North, North Beach","12",517.904223533485,461.913558099849,405.942675752999,350.001067536872,294.105438567194
14,"Ocean Shores North Jetty North, North Beach","13",539.241720421144,478.453997358759,417.68851673427,356.956637859586,296.279024720941
14,"Ocean Shores North Jetty North, North Beach","14",569.955611123824,501.771853035353,433.610754912968,365.484994882775,297.418857208758
14,"Ocean Shores North Jetty North, North Beach","15",560.274396999237,486.312352259064,412.377399220007,338.487291070063,264.679588267119
14,"Ocean Shores North Jetty North, North Beach","16",525.72795017582,450.796378194386,375.903226987805,301.077169503288,226.384744190033
14,"Ocean Shores North Jetty North, North Beach","17",564.338822879631,493.031523827476,421.747822581994,350.502117117918,279.323483155532
14,"Ocean Shores North Jetty North, North Beach","18",520.443165304058,461.366580340562,402.312315565346,343.291889960968,284.326377297964
14,"Ocean Shores North Jetty North, North Beach","19",662.490431698381,567.020055884101,471.579345570742,376.19088010512,280.907887199372
14,"Ocean Shores North Jetty North, North Beach","20",581.01140224124,511.286713881232,441.582814362235,371.911392646416,302.294905534005
14,"Ocean Shores North Jetty North, North Beach","21",539.89256765041,473.660891096365,407.453355270071,341.284010032832,275.180406468113
14,"Ocean Shores North Jetty North, North Beach","22",505.994022684131,446.321526433742,386.674509556805,327.066912329257,267.52508547226
15,"Ocean Shores North Jetty South, North Beach","97",489.490434881812,425.584368233232,361.678494745046,297.772938781339,233.867960637575
15,"Ocean Shores North Jetty South, North Beach","98",472.610878146971,412.96629410741,353.333397051917,293.71930538044,234.138383678447
15,"Ocean Shores North Jetty South, North Beach","99",502.336880024154,434.444647840992,366.557544089662,298.679065731951,230.816822545709
15,"Ocean Shores North Jetty South, North Beach","10",459.758758280432,422.59325806643,385.431319612064,348.274083072089,311.123233090356
15,"Ocean Shores North Jetty South, North Beach","11",583.688423023307,516.205667888161,448.730040383805,381.265324833468,313.818558871843
15,"Ocean Shores North Jetty South, North Beach","12",525.742666679139,473.143741835133,420.550683876923,367.966008459613,315.39390839831
15,"Ocean Shores North Jetty South, North Beach","13",560.460357256941,499.374822939118,438.29585744806,377.226651588326,316.172860667562
15,"Ocean Shores North Jetty South, North Beach","14",559.366999210953,497.578312468861,435.7969053608,374.026385238208,312.273212806102
15,"Ocean Shores North Jetty South, North Beach","15",583.774920934258,515.879772196626,447.991254276617,380.112920001251,312.251410713012
15,"Ocean Shores North Jetty South, North Beach","16",513.432007216098,462.603646315607,411.780720428663,360.96552526621,310.161860528306
15,"Ocean Shores North Jetty South, North Beach","17",569.305220406903,502.739463190232,436.181086711448,369.634078042661,303.105924695962
15,"Ocean Shores North Jetty South, North Beach","18",493.834929512487,446.391794209984,398.95569034354,351.529464433666,304.117737826284
15,"Ocean Shores North Jetty South, North Beach","19",541.691149335075,486.214884222062,430.74435194126,375.282094614973,319.83241716098
16,"Westport Light North, Grayland Plains","97",578.08326740649,497.689830316877,417.330752807174,337.030613103052,256.844696248311
16,"Westport Light North, Grayland Plains","98",641.262032993262,545.17042566482,449.146380713837,353.244999716891,257.603316301445
16,"Westport Light North, Grayland Plains","99",659.691945005202,569.74024067631,479.834403721598,390.006156043254,300.325127347386
16,"Westport Light North, Grayland Plains","10",609.359476539885,532.260820834937,455.18278919684,378.137993600696,301.151943818949
16,"Westport Light North, Grayland Plains","11",672.587437142687,579.580443850999,486.597172189869,393.654432044349,300.789797947695
16,"Westport Light North, Grayland Plains","12",616.894563511692,538.038067588924,459.202501149186,380.40087690595,301.659795866556
16,"Westport Light North, Grayland Plains","13",607.092288680304,530.68814065024,454.305810171777,377.95852492321,301.672893786779
16,"Westport Light North, Grayland Plains","14",655.992765964915,567.412390163792,478.85657119911,390.34202285408,301.905047303248
16,"Westport Light North, Grayland Plains","15",658.93495012564,570.378644532247,481.845832630959,393.352378095277,304.932548158782
16,"Westport Light North, Grayland Plains","16",639.751775201858,551.781663956704,463.835584692027,375.930404087282,288.103561155952
16,"Westport Light North, Grayland Plains","17",679.657821865007,584.782244213141,489.930853559698,395.12106902905,300.392288365984
16,"Westport Light North, Grayland Plains","18",677.862709151923,583.709664509378,489.582336677045,395.499087599882,301.50118434298
16,"Westport Light North, Grayland Plains","19",652.899698944818,564.808661241439,476.740059559034,388.709143971751,300.749009092381
16,"Westport Light North, Grayland Plains","20",551.860349654666,488.990966689472,426.140310847861,363.318101114939,300.542176255954
16,"Westport Light North, Grayland Plains","21",616.585633592067,537.536347479497,458.508711055654,379.516249071222,300.58669372931
17,"Westport Light South, Grayland Plains","97",624.643377861039,519.439282283736,414.341293905726,309.457540017604,205.116922008496
17,"Westport Light South, Grayland Plains","98",612.594047440067,510.171050330136,407.805940082194,305.556900548995,203.598881910763
17,"Westport Light South, Grayland Plains","99",706.873177065493,603.665184007194,500.464078690238,397.27522888436,294.111534387866
17,"Westport Light South, Grayland Plains","10",559.056828751717,493.139585854416,427.237518836769,361.358930800546,295.519524294521
17,"Westport Light South, Grayland Plains","11",644.881352180506,562.856540548565,480.845590770488,398.857053548627,316.908324669104
17,"Westport Light South, Grayland Plains","12",628.007383895611,545.991968508835,463.991410901541,382.015278974814,300.083591046826
17,"Westport Light South, Grayland Plains","13",635.766330928153,567.197787238863,498.639247605886,430.095496087524,361.574942928903
17,"Westport Light South, Grayland Plains","14",642.15357015776,581.062704254308,519.979109479325,458.905689357966,397.847129643955
17,"Westport Light South, Grayland Plains","15",612.332719212795,553.339819550651,494.35411006808,435.378513182615,376.417782125204
17,"Westport Light South, Grayland Plains","16",578.664302655781,523.11950308939,467.582470194676,412.056344364048,356.546221413737
17,"Westport Light South, Grayland Plains","17",557.091913040649,491.126477341883,425.175454435271,359.246782169674,293.355530170007
17,"Westport Light South, Grayland Plains","18",589.347247965233,533.540190678293,477.741154841114,421.953322731141,366.181815050742
17,"Westport Light South, Grayland Plains","19",670.350766781981,584.06685921104,497.796805447885,411.549317799938,325.342343433985
17,"Westport Light South, Grayland Plains","20",639.235113229152,570.794670218793,502.363645565168,433.946494963585,365.551008570781
17,"Westport Light South, Grayland Plains","21",592.886571228245,518.258513961495,443.646268510621,369.059424960587,294.517283126307
17,"Westport Light South, Grayland Plains","22",669.388313214885,594.511587506545,519.645037627503,444.793801915781,369.967175510156
18,"Westport Ocean Ave OBA, Grayland Plains","97",513.24729674227,451.990245211481,390.733687010981,329.477897300868,268.223402595952
18,"Westport Ocean Ave OBA, Grayland Plains","98",538.142482267048,470.875778924667,403.620324506909,336.382866317573,269.176890480626
18,"Westport Ocean Ave OBA, Grayland Plains","99",597.392954635061,515.153625467652,432.9300098898,350.733159452824,268.587648379815
18,"Westport Ocean Ave OBA, Grayland Plains","10",582.974112426659,512.208667058774,441.446098782041,370.688055268741,299.937738834616
18,"Westport Ocean Ave OBA, Grayland Plains","11",602.851780151156,524.246846231266,445.645005887516,367.048246554248,288.460721523057
18,"Westport Ocean Ave OBA, Grayland Plains","12",546.723521141073,481.462893092645,416.204858459319,350.950863952347,285.703677848916
18,"Westport Ocean Ave OBA, Grayland Plains","13",585.298482414504,527.561125717144,469.825771818409,412.093262511211,354.364988105597
18,"Westport Ocean Ave OBA, Grayland Plains","14",661.068599715226,585.409799429086,509.753814721822,434.102117706149,358.457423117725
18,"Westport Ocean Ave OBA, Grayland Plains","15",589.82916980836,531.491130569224,473.155047050313,414.821744346993,356.492587546257
18,"Westport Ocean Ave OBA, Grayland Plains","16",556.5210481419,497.898649201259,439.278545453233,380.661797245539,322.050236821123
18,"Westport Ocean Ave OBA, Grayland Plains","17",491.023756777394,437.64730553984,384.27306701772,330.902111940262,277.536334558639
18,"Westport Ocean Ave OBA, Grayland Plains","18",549.43334880749,474.339275691655,399.248745322976,324.164219673718,249.091128882181
18,"Westport Ocean Ave OBA, Grayland Plains","19",641.250413112685,550.799478771039,460.352403530139,369.912018163424,279.484817211479
18,"Westport Ocean Ave OBA, Grayland Plains","20",536.514429413093,483.678236262872,430.84318716898,378.009761851652,325.178751781259
18,"Westport Ocean Ave OBA, Grayland Plains","21",620.604785349307,533.807476099358,447.013780042115,360.226308898113,273.450989692978
19,"Bonge Ave OBA, Grayland Plains","97",578.20161961207,501.767185862151,425.333279120739,348.900245744717,272.468820725187
19,"Bonge Ave OBA, Grayland Plains","98",598.363393367473,516.191935188732,434.066855733984,352.020616443086,270.125066249782
19,"Bonge Ave OBA, Grayland Plains","99",604.696722183598,521.61407920332,438.563449506919,355.567266041782,272.675249948006
19,"Bonge Ave OBA, Grayland Plains","10",612.59985919373,533.777041239358,454.955099883909,376.134586222296,297.31663572861
19,"Bonge Ave OBA, Grayland Plains","11",658.029871837093,569.6286924388,481.228267770587,392.829107355611,304.432312513855
19,"Bonge Ave OBA, Grayland Plains","12",695.220055728532,593.280848580938,491.342577145261,389.405976271127,287.472823085391
19,"Bonge Ave OBA, Grayland Plains","13",643.877610680753,566.759088299561,489.641414257277,412.525064321118,335.410951791946
19,"Bonge Ave OBA, Grayland Plains","14",658.31254561692,578.236339704734,498.160719997851,418.086023322398,338.012905672828
19,"Bonge Ave OBA, Grayland Plains","15",673.301136175489,577.089104235497,480.878163870045,384.669134132623,288.463926738289
19,"Bonge Ave OBA, Grayland Plains","16",674.771347113737,573.883243620779,472.9961400217,372.1108495943,271.229395604219
19,"Bonge Ave OBA, Grayland Plains","17",652.727153767507,568.791282752714,484.856530639542,400.923600166459,316.993938325896
19,"Bonge Ave OBA, Grayland Plains","18",661.874141505567,571.524447718251,481.175733011493,390.828676394427,300.48477348922
19,"Bonge Ave OBA, Grayland Plains","19",661.675275691437,571.493975097589,481.313352872913,391.13387823614,300.956582788466
19,"Bonge Ave OBA, Grayland Plains","20",691.913654692092,597.263083642456,502.613345108377,407.965018532442,313.319383501154
19,"Bonge Ave OBA, Grayland Plains","21",693.522576822804,591.068386447059,488.615217141865,386.163881608946,283.716366407014
19,"Bonge Ave OBA, Grayland Plains","22",702.322941838813,594.928236139344,487.534779230702,380.143629492925,272.757512104528
20,"Marine Drive OBA, Grayland Plains","97",580.129139231043,506.145221348728,432.193187619336,358.292781362089,284.4842391926
20,"Marine Drive OBA, Grayland Plains","98",617.211407128324,533.998995907835,450.81163300539,367.666320944134,284.599917325042
20,"Marine Drive OBA, Grayland Plains","99",636.564734805422,551.622107090926,466.980313810239,382.838941282788,299.619881616833
20,"Marine Drive OBA, Grayland Plains","10",620.539104881694,537.273272909921,454.138165052165,371.221618724131,288.712004490584
20,"Marine Drive OBA, Grayland Plains","11",706.444455770651,603.472440128076,500.640637385666,398.057727613054,295.982611188159
20,"Marine Drive OBA, Grayland Plains","12",732.741573776828,624.772484430087,516.942957544009,409.363293543905,302.300366425888
20,"Marine Drive OBA, Grayland Plains","13",738.134961581211,628.260303558693,518.527846346379,409.052046487133,300.113906581715
20,"Marine Drive OBA, Grayland Plains","14",770.279331687857,651.004663993204,531.87919191741,413.03202731378,294.799957458523
20,"Marine Drive OBA, Grayland Plains","15",747.565327540536,635.493935459655,523.564426342626,411.892484171774,300.765144195796
20,"Marine Drive OBA, Grayland Plains","16",764.001754175043,644.867991009551,525.889837206413,407.203715021714,289.16943092269
20,"Marine Drive OBA, Grayland Plains","17",754.033595866229,637.708937540805,521.537075999676,405.649308594957,290.385965196745
20,"Marine Drive OBA, Grayland Plains","18",739.907845620271,628.022834595537,516.285524557634,404.818238587914,293.928343394233
20,"Marine Drive OBA, Grayland Plains","19",755.282787005205,640.371902373284,525.609693566411,411.120685701507,297.220756461116
20,"Marine Drive OBA, Grayland Plains","20",802.947864863051,675.382669355276,547.975165028386,420.868587513273,294.452898556004
20,"Marine Drive OBA, Grayland Plains","21",793.96964088758,668.626629196672,543.439592539482,418.548509801285,294.330362387402
20,"Marine Drive OBA, Grayland Plains","22",825.068794549326,692.020740744277,559.131267605131,426.548616360983,294.687204909715
21,"Cranberry Beach Road OBA, Grayland Plains","97",728.465981904645,620.991643145794,513.601120537909,406.360870747793,299.432395756077
21,"Cranberry Beach Road OBA, Grayland Plains","98",689.388594034565,591.557104056641,493.725711984759,395.894490401075,298.06360717992
21,"Cranberry Beach Road OBA, Grayland Plains","99",674.405695229363,580.540884985064,486.680609882283,392.828120742707,298.990749642544
21,"Cranberry Beach Road OBA, Grayland Plains","10",778.075943305107,658.880761186189,539.695386516628,420.528158210903,301.40060106784
21,"Cranberry Beach Road OBA, Grayland Plains","11",890.087882159046,742.824929623822,595.572470955317,448.340846046765,301.160612120776
21,"Cranberry Beach Road OBA, Grayland Plains","12",901.200451558616,751.676553214444,602.164046588944,452.674219439908,303.240614819053
21,"Cranberry Beach Road OBA, Grayland Plains","13",978.470381685196,818.26405096398,658.068641074247,497.89469331496,337.772741495934
21,"Cranberry Beach Road OBA, Grayland Plains","14",1000.82292758715,838.876115029461,676.938987806148,515.020682030631,353.147087611975
21,"Cranberry Beach Road OBA, Grayland Plains","15",1071.16594285099,893.04263713071,714.929750220314,536.83765253005,358.797302115074
21,"Cranberry Beach Road OBA, Grayland Plains","16",1078.93611491195,897.447870633751,715.969133171511,534.509585984404,353.098816295978
21,"Cranberry Beach Road OBA, Grayland Plains","17",1025.21953100622,860.273805159927,695.337976579467,530.421278084178,365.549602047228
21,"Cranberry Beach Road OBA, Grayland Plains","18",1013.93728205363,848.7341164606,683.540031889215,518.363710333955,353.2300715289
21,"Cranberry Beach Road OBA, Grayland Plains","19",1141.23409225889,946.94320472024,752.661987317373,558.400533572525,364.190471031941
21,"Cranberry Beach Road OBA, Grayland Plains","20",1064.13366649296,890.625754317436,717.126631717897,543.644714092317,370.204189573582
21,"Cranberry Beach Road OBA, Grayland Plains","21",1225.05951478875,1010.06410745465,795.078232948599,580.112489777676,365.202428839499
22,"Midway Beach Rd OBA, Grayland Plains","97",799.503148070784,674.454850416528,549.413549876135,424.385431402211,299.387010485139
22,"Midway Beach Rd OBA, Grayland Plains","98",776.405949075498,657.061004061876,537.813571802569,418.746967306707,300.076518407097
22,"Midway Beach Rd OBA, Grayland Plains","99",874.739412428461,730.125554294593,585.831308787015,442.169686454251,300.050750417022
22,"Midway Beach Rd OBA, Grayland Plains","10",1389.5853502596,1234.05578113479,1078.531596267,923.015517333402,767.512471708517
22,"Midway Beach Rd OBA, Grayland Plains","11",1538.91425492155,1291.66824161004,1044.43476616456,797.225493300618,550.073054756834
22,"Midway Beach Rd OBA, Grayland Plains","12",1490.01860596042,1238.30730755179,986.610472831515,734.94296214212,483.350582331691
22,"Midway Beach Rd OBA, Grayland Plains","13",1410.31483020054,1260.12351316802,1109.93749783492,959.759273081993,809.593174340886
22,"Midway Beach Rd OBA, Grayland Plains","14",1800.40981782168,1555.23483237778,1310.06664898029,1064.9099656293,819.775099780147
22,"Midway Beach Rd OBA, Grayland Plains","15",1802.28262837257,1575.23699749783,1348.19702696347,1121.16615548948,894.151314035673
22,"Midway Beach Rd OBA, Grayland Plains","16",1780.46811166311,1477.87956198912,1175.30332564574,872.752209527809,570.266197166204
22,"Midway Beach Rd OBA, Grayland Plains","17",1789.59626726872,1533.79832095941,1278.00872062403,1022.23373142431,766.487980590472
22,"Midway Beach Rd OBA, Grayland Plains","18",1680.60189481185,1445.6392264546,1210.68457883114,975.743746027096,740.829871521559
22,"Midway Beach Rd OBA, Grayland Plains","19",1708.58077603205,1487.12648144526,1265.67858924723,1044.24117262989,822.822689177614
22,"Midway Beach Rd OBA, Grayland Plains","20",1475.39221279195,1382.44494135632,1289.4990261237,1196.55478313537,1103.61263489152
22,"Midway Beach Rd OBA, Grayland Plains","21",1473.42195105113,1291.03071457567,1108.64618749424,926.27233308705,743.917000725776
23,"Warrenton Cannery Rd OBA, Grayland Plains","97",1273.53463475949,1004.36520964176,735.582156189595,467.85186590354,205.334493238261
23,"Warrenton Cannery Rd OBA, Grayland Plains","98",803.616395295334,651.721746513267,500.331486889783,350.100551945556,203.611478006591
23,"Warrenton Cannery Rd OBA, Grayland Plains","99",715.07759549131,601.447147208065,488.322071989691,376.158600721006,266.175152102829
23,"Warrenton Cannery Rd OBA, Grayland Plains","10",257.964122865665,198.356506350149,139.143885495065,81.1950765967589,32.2515486464475
23,"Warrenton Cannery Rd OBA, Grayland Plains","11",579.563218123967,438.043904899566,296.732364013715,156.19354500983,30.3553219117806
23,"Warrenton Cannery Rd OBA, Grayland Plains","12",721.078859608875,543.734627943716,366.558452711683,190.021005845853,29.5972270652221
23,"Warrenton Cannery Rd OBA, Grayland Plains","13",595.163500274796,455.161649959,315.336312063257,176.108427953016,43.6313381032305
23,"Warrenton Cannery Rd OBA, Grayland Plains","14",1046.36884550452,791.783475334162,537.310638912283,283.253796921974,38.8721514635939
23,"Warrenton Cannery Rd OBA, Grayland Plains","15",1248.08348888164,942.213891323334,636.442716958143,331.042807078288,36.8380435180048
23,"Warrenton Cannery Rd OBA, Grayland Plains","16",1084.54732472617,810.944867660619,537.463136002341,264.476902771863,29.5940365628568
23,"Warrenton Cannery Rd OBA, Grayland Plains","17",1026.01373348244,768.461591231375,511.038607208205,254.137568794639,28.452673767115
23,"Warrenton Cannery Rd OBA, Grayland Plains","18",926.566358083382,692.924052822529,459.425618965505,226.516412379687,29.2762724161073
23,"Warrenton Cannery Rd OBA, Grayland Plains","19",1171.64621846433,876.967147751798,582.398756892132,288.280527650672,28.6954702883948
23,"Warrenton Cannery Rd OBA, Grayland Plains","20",1028.31692430107,780.754583482791,533.301937368339,286.243614982632,46.3796483588792
23,"Warrenton Cannery Rd OBA, Grayland Plains","21",1069.61926539801,799.938014569301,530.38006015071,261.327220296396,29.4542143019381
24,"North Cove, Grayland Plains","97",461.18998751313,421.173388901864,381.199651613185,341.28383670362,301.448954110735
24,"North Cove, Grayland Plains","98",468.863561844701,422.940929939477,377.032861000388,331.145411856942,285.288532502412
24,"North Cove, Grayland Plains","99",389.362131032721,365.550367320788,341.767010877649,318.01843517318,294.313059862522
25,"Leadbetter Point North, Long Beach","97",895.268917230016,747.54321132322,599.818606433848,452.096181851457,304.379112057164
25,"Leadbetter Point North, Long Beach","98",826.590781709614,700.819544860999,575.118973548598,449.548349164539,324.258674459366
25,"Leadbetter Point North, Long Beach","99",1036.13127020614,850.702708973358,665.434023837766,480.510179057586,296.57692989466
25,"Leadbetter Point North, Long Beach","10",1302.72040812448,1064.73183604838,826.756078641831,588.808673826018,350.947296754898
25,"Leadbetter Point North, Long Beach","11",1286.99464327564,1040.45151495738,793.923690672704,547.431846646808,301.064370712242
25,"Leadbetter Point North, Long Beach","12",1237.87846399876,1003.29318458927,768.723224534176,534.188765060465,299.773141857479
25,"Leadbetter Point North, Long Beach","13",1536.96805909678,1227.26197739671,917.569871034611,607.913098957481,298.401682509545
25,"Leadbetter Point North, Long Beach","14",1428.2732015417,1145.73880150792,863.219142576158,580.735739153001,298.391576857964
25,"Leadbetter Point North, Long Beach","15",1499.0411254928,1199.08397112954,899.141797838704,599.237101923171,299.48249518433
25,"Leadbetter Point North, Long Beach","16",1559.65746847608,1244.88134536418,930.119067791643,615.391881385217,300.809950386441
25,"Leadbetter Point North, Long Beach","17",1422.29829509427,1141.87475217807,861.465830344478,581.092696388488,300.855421251724
25,"Leadbetter Point North, Long Beach","18",1459.57089756644,1169.72094009504,879.885729717836,590.086996989232,300.430320808111
25,"Leadbetter Point North, Long Beach","19",1385.68162445235,1121.84067514883,858.012890525976,594.215805929093,330.522936481005
26,"Leadbetter Point South, Long Beach","97",667.431804543308,517.188437253125,366.973371866589,216.845432989379,67.3894507766618
26,"Leadbetter Point South, Long Beach","98",683.268266009447,529.529259692971,376.009846066206,223.163674774284,75.2137026816017
26,"Leadbetter Point South, Long Beach","99",692.322980789728,535.551958238348,378.785201629194,222.031747123251,65.3873324500528
26,"Leadbetter Point South, Long Beach","10",859.186293804088,716.359925486844,573.536108474964,430.717380777725,287.911316175232
26,"Leadbetter Point South, Long Beach","11",870.054431797871,670.761407702665,471.476641486547,272.218269966652,73.2021527816471
26,"Leadbetter Point South, Long Beach","12",855.730759636918,710.144808589027,564.56237002231,418.987105322557,273.430472899517
26,"Leadbetter Point South, Long Beach","13",902.734544292727,693.373698668186,484.021224355916,274.696261943866,65.6624557996263
26,"Leadbetter Point South, Long Beach","14",934.144275965462,808.315057626246,682.488452265632,556.666231768042,430.852237698701
26,"Leadbetter Point South, Long Beach","15",893.838169721139,745.384843589156,596.934748553494,448.491093094429,300.063434486204
26,"Leadbetter Point South, Long Beach","16",963.398262417788,805.662825325414,647.929941167686,490.202074332936,332.486365386008
26,"Leadbetter Point South, Long Beach","17",816.61167358747,688.247962303887,559.88700199135,431.531247523875,303.187310729638
26,"Leadbetter Point South, Long Beach","18",899.255045974124,685.342666645228,471.439893133481,257.57065836352,44.2242508215885
26,"Leadbetter Point South, Long Beach","19",785.770314526441,680.680826576402,575.59344879868,470.509595103759,365.43230566411
27,"Leadbetter Point Bearberry Trail, Long Beach","97",634.518495503664,533.022858430886,431.527346812056,330.032076390602,228.537368519765
27,"Leadbetter Point Bearberry Trail, Long Beach","98",711.28752641249,590.844785927528,470.402251664871,349.960136545499,229.519100417482
27,"Leadbetter Point Bearberry Trail, Long Beach","99",683.781721909311,572.700583893096,461.637764866865,350.610673962741,239.66896968004
27,"Leadbetter Point Bearberry Trail, Long Beach","10",788.706067087004,655.019367101217,521.332729268563,387.64621789286,253.960032677918
27,"Leadbetter Point Bearberry Trail, Long Beach","11",789.826400710199,652.93799768601,516.049751759722,379.16183308186,242.274796349912
27,"Leadbetter Point Bearberry Trail, Long Beach","12",842.853876466497,696.328439061949,549.803075703631,403.277867102473,256.753078211522
27,"Leadbetter Point Bearberry Trail, Long Beach","13",802.816435774109,664.207059715441,525.597828494976,386.988897744403,248.380770496164
27,"Leadbetter Point Bearberry Trail, Long Beach","14",781.729682913049,669.127155111365,556.524776939352,443.922662259183,331.321079720414
27,"Leadbetter Point Bearberry Trail, Long Beach","15",749.811297973593,640.909029341532,532.006804030675,423.104655492095,314.202663553225
27,"Leadbetter Point Bearberry Trail, Long Beach","16",780.455186908267,644.808426460242,509.161762684075,373.515300902497,237.869386681708
27,"Leadbetter Point Bearberry Trail, Long Beach","17",714.357021771653,595.637864083247,476.918770874408,358.19980625703,239.481161472684
27,"Leadbetter Point Bearberry Trail, Long Beach","18",777.776820665871,637.688555525475,497.600380467913,357.512401387828,217.424997093264
27,"Leadbetter Point Bearberry Trail, Long Beach","19",714.063654711723,597.732272077159,481.400970882746,365.069828982353,248.739069873602
28,"Leadbetter Point Hines, Long Beach","97",637.896145698726,544.102888346022,450.416559544944,356.921370493257,263.82061313314
28,"Leadbetter Point Hines, Long Beach","98",655.544561370354,557.327326866919,459.243755337207,361.402690323428,264.073820253074
28,"Leadbetter Point Hines, Long Beach","99",671.670343159667,569.365282988564,467.088750743928,364.864737508155,262.754547608176
28,"Leadbetter Point Hines, Long Beach","10",748.102943592946,634.487010730997,520.910065980465,407.404718152154,294.053888573085
28,"Leadbetter Point Hines, Long Beach","11",779.575864056036,661.276349620964,543.015755878197,424.826587574864,306.791404220566
28,"Leadbetter Point Hines, Long Beach","12",817.286161642533,697.374767096331,577.496943284641,457.679070063053,337.984912081373
28,"Leadbetter Point Hines, Long Beach","13",760.261113387456,645.238225292857,530.254429209235,415.342193233386,300.583600236027
28,"Leadbetter Point Hines, Long Beach","14",704.884888419399,613.284235773819,521.711199610741,430.183416432888,338.737570653861
28,"Leadbetter Point Hines, Long Beach","15",745.913929977313,641.741980240942,537.60210693303,433.517426939168,329.540242530279
28,"Leadbetter Point Hines, Long Beach","16",816.402779908271,681.879788016661,547.40159296852,413.011955127738,278.838947400744
28,"Leadbetter Point Hines, Long Beach","17",699.249454266906,599.3956829645,499.578611114275,399.825725875332,300.20101919059
28,"Leadbetter Point Hines, Long Beach","18",718.975044325132,608.412665500013,497.892973778932,387.452499998596,277.185949844206
28,"Leadbetter Point Hines, Long Beach","19",663.626387987551,574.016931315167,484.441232547978,394.922263112392,305.509894707371
29,"Leadbetter Point 357th Pl, Long Beach","97",648.905285332079,558.184104465221,467.696423608449,377.610142696658,288.301786521354
29,"Leadbetter Point 357th Pl, Long Beach","98",619.851803711057,536.636406773415,453.461181011743,370.353192768085,287.370783486217
29,"Leadbetter Point 357th Pl, Long Beach","99",662.769000460173,568.797298656502,474.913215472723,381.181497171696,287.751075801916
29,"Leadbetter Point 357th Pl, Long Beach","10",703.252125515266,606.152211396786,509.054880460449,411.961959238877,314.877526983363
29,"Leadbetter Point 357th Pl, Long Beach","11",775.153048898493,653.226945902215,531.304053580834,409.387240534851,287.484241197103
29,"Leadbetter Point 357th Pl, Long Beach","12",883.162937272724,734.006200260353,584.85290075099,435.706568989781,286.578084041078
29,"Leadbetter Point 357th Pl, Long Beach","13",768.351000098605,649.596208471952,530.844749290405,412.09950341715,293.368015747462
29,"Leadbetter Point 357th Pl, Long Beach","14",752.203501539252,635.155762855464,518.111353873996,401.073189707079,284.048989708746
29,"Leadbetter Point 357th Pl, Long Beach","15",732.75395932056,621.385259835563,510.020194519359,398.661808968361,287.317870098606
29,"Leadbetter Point 357th Pl, Long Beach","16",765.303534251356,645.424161792323,525.548428985471,405.679562325855,285.826200451792
29,"Leadbetter Point 357th Pl, Long Beach","17",732.201020605271,620.626623694027,509.055888131557,397.491897006761,285.942544703833
29,"Leadbetter Point 357th Pl, Long Beach","18",743.939351142956,624.368991717994,504.802866657178,385.244918562295,265.706185658606
29,"Leadbetter Point 357th Pl, Long Beach","19",757.811080047767,643.337675883387,528.868374188709,414.406574587146,299.96086535283
30,"Oysterville Rd OBA, Long Beach","97",603.470828895315,520.646970462152,437.859418967454,355.133566575868,272.525605847516
30,"Oysterville Rd OBA, Long Beach","98",652.696636487378,557.504909730696,462.348640126176,367.255389667779,272.291191584132
30,"Oysterville Rd OBA, Long Beach","99",636.272412928348,545.237614818822,454.206930384832,363.18345287547,272.174413037168
30,"Oysterville Rd OBA, Long Beach","10",697.831286051519,594.640763526334,491.450294492927,388.259921601924,285.069749259065
30,"Oysterville Rd OBA, Long Beach","11",693.666686364435,594.104477238083,494.54229072202,394.980143914249,295.418076962383
30,"Oysterville Rd OBA, Long Beach","12",804.416371904812,680.4877554092,556.559269988695,432.631028283908,308.703323812337
30,"Oysterville Rd OBA, Long Beach","13",794.541904054322,669.71636165357,544.890871663154,420.065480805353,295.240314817773
30,"Oysterville Rd OBA, Long Beach","14",775.819842159171,656.673473333166,537.52719288174,418.381076306612,299.23531935905
30,"Oysterville Rd OBA, Long Beach","15",709.105952742657,602.039016153202,494.972154523418,387.905429922805,280.838999073913
30,"Oysterville Rd OBA, Long Beach","16",771.936237145301,648.711446153158,525.486732325632,402.262166576089,279.037945080547
30,"Oysterville Rd OBA, Long Beach","17",700.69979985846,597.37595765093,494.052221933667,390.728677187034,287.405529375405
30,"Oysterville Rd OBA, Long Beach","18",731.483971288709,614.538573676715,497.593253590586,380.648082484424,263.703258563881
30,"Oysterville Rd OBA, Long Beach","19",706.226885025366,608.895188754655,511.563833825309,414.233060849947,316.903406036897
31,"Oysterville Beach 311th St, Long Beach","97",555.02971672776,479.748969964278,404.543775213224,329.465873948844,254.627889833626
31,"Oysterville Beach 311th St, Long Beach","98",646.003814766622,547.716811563753,449.538059275728,351.558262449484,254.007758044742
31,"Oysterville Beach 311th St, Long Beach","99",647.175766088859,548.829779069264,450.582506800201,352.516495126273,254.841084008233
31,"Oysterville Beach 311th St, Long Beach","10",692.383673361134,594.17913431155,496.022253238826,397.948297279576,300.038594934052
31,"Oysterville Beach 311th St, Long Beach","11",753.553661243241,634.75782235052,516.021919019861,397.399677899259,279.036094962031
31,"Oysterville Beach 311th St, Long Beach","12",744.754123267666,639.288248854919,533.868767143162,428.529917677985,323.350513477855
31,"Oysterville Beach 311th St, Long Beach","13",758.06374466892,650.497960606309,542.976518525959,435.532260268145,328.240989128555
31,"Oysterville Beach 311th St, Long Beach","14",746.253846018796,639.939511407187,533.671964195619,427.486098046322,321.46286601013
31,"Oysterville Beach 311th St, Long Beach","15",759.61317954049,652.763518026985,545.957749615403,439.227895546283,332.647035233548
31,"Oysterville Beach 311th St, Long Beach","16",760.443262334801,643.775397449259,527.16216044099,410.650092353549,294.359350468891
31,"Oysterville Beach 311th St, Long Beach","17",720.566609033223,611.041285851804,501.572977571498,392.209426833643,283.072077423996
31,"Oysterville Beach 311th St, Long Beach","18",693.111017498969,594.747077361889,496.432654361049,398.204426689106,300.147032947249
31,"Oysterville Beach 311th St, Long Beach","19",756.013326798785,645.439771184042,534.916441858193,424.482573175543,314.232499440479
31,"Oysterville Beach 311th St, Long Beach","20",723.716662249825,617.12933161202,510.59384569862,404.151205870091,297.900952933537
32,"Oysterville Beach 295th St, Long Beach","97",545.71459380484,464.165204681885,382.616146963258,301.067689947804,219.520503092259
32,"Oysterville Beach 295th St, Long Beach","98",627.698342633388,525.714574712882,423.736580868699,321.769851053499,219.83006006375
32,"Oysterville Beach 295th St, Long Beach","99",652.960095538087,544.63988243226,436.382475707248,328.25002219466,220.42648986692
32,"Oysterville Beach 295th St, Long Beach","10",648.372996745879,555.214254683675,462.065549023373,368.934481826046,275.838919411081
32,"Oysterville Beach 295th St, Long Beach","11",751.429010969263,618.551364628528,485.688326026779,352.85639655657,220.111904131463
32,"Oysterville Beach 295th St, Long Beach","12",720.330420442749,615.004123518193,509.687060024144,404.386444196948,299.119647009271
32,"Oysterville Beach 295th St, Long Beach","13",690.884031312014,592.84293237853,494.810672003922,396.793801230983,298.807465051099
32,"Oysterville Beach 295th St, Long Beach","14",761.330748873906,648.017698429055,534.713570990006,421.425563714031,308.171455085834
32,"Oysterville Beach 295th St, Long Beach","15",687.017841798901,590.118356212901,493.22734252219,396.351013832872,299.503620351936
32,"Oysterville Beach 295th St, Long Beach","16",709.814524898913,604.329205138198,498.853027818605,393.393346791696,287.968286433621
32,"Oysterville Beach 295th St, Long Beach","17",696.436962397888,592.244447855556,488.061701701599,383.896676920259,279.769168536185
32,"Oysterville Beach 295th St, Long Beach","18",672.467992821483,575.502462274891,478.546857426556,381.608743839129,284.705988608163
32,"Oysterville Beach 295th St, Long Beach","19",691.79730331986,593.942219374338,496.095861540935,398.264661410922,300.463425440567
32,"Oysterville Beach 295th St, Long Beach","20",710.578540270842,602.66639426157,494.765523732644,386.8853628661,279.049931641335
33,"Pacific Pines, Long Beach","97",562.202355705545,467.123197814358,372.2802193634,277.915325485508,184.762499354369
33,"Pacific Pines, Long Beach","98",585.510644255608,488.931014702093,392.436206027208,296.109153061585,200.192160973098
33,"Pacific Pines, Long Beach","99",647.284484626994,531.551056857745,415.9053105083,300.448511106408,185.533737087708
33,"Pacific Pines, Long Beach","10",637.727225416063,538.934683282572,440.142141326897,341.34959970348,242.557058818335
33,"Pacific Pines, Long Beach","11",682.34767876812,578.319993719048,474.292313720764,370.264643030399,266.236992558695
33,"Pacific Pines, Long Beach","12",725.948068345572,613.557628642517,501.167245807645,388.776969160579,276.386928242346
33,"Pacific Pines, Long Beach","13",721.377399961046,610.507250840759,499.637111487814,388.766990258681,277.896908845459
33,"Pacific Pines, Long Beach","14",654.807433538864,564.219824371382,473.632217159512,383.044613290695,292.457015871515
33,"Pacific Pines, Long Beach","15",624.878008969092,537.20756134381,449.537187747658,361.866941986233,274.196946679084
33,"Pacific Pines, Long Beach","16",680.447628094616,577.617440051789,474.787259548772,371.957092838922,269.126955732876
33,"Pacific Pines, Long Beach","17",658.277587378674,558.722373441248,459.167175956502,359.612008588691,260.056905925976
33,"Pacific Pines, Long Beach","18",659.227527592215,561.662345709766,464.097175326983,366.53202562697,268.966919117178
33,"Pacific Pines, Long Beach","19",676.917635970714,575.332483146597,473.747332446081,372.162185608104,270.5770469832
33,"Pacific Pines, Long Beach","20",667.437646163054,567.807391877651,468.177163537141,368.546982182765,268.916900037767
34,"Klipsan Beach, Long Beach","97",678.731011474293,569.036641044359,459.35110078699,349.682700124609,240.054930729792
34,"Klipsan Beach, Long Beach","98",649.937608990935,547.407589883186,444.884920153009,342.376202056081,239.899320812107
34,"Klipsan Beach, Long Beach","99",706.221300025872,590.429076238683,474.63961302269,358.85558259133,243.08474815998
34,"Klipsan Beach, Long Beach","10",718.686536845883,608.875533582227,499.065554693907,389.257467114262,279.453500357147
34,"Klipsan Beach, Long Beach","11",784.214495221141,661.312279331187,538.410861211915,415.510948766926,292.61443918052
34,"Klipsan Beach, Long Beach","12",760.727054553825,647.704826861445,534.683344927171,421.663208424526,308.645895369922
34,"Klipsan Beach, Long Beach","13",804.195641570417,674.833475999926,545.472193620145,416.112618132183,286.75705954387
34,"Klipsan Beach, Long Beach","14",795.728482616558,677.150731287277,558.57380796128,439.998382064826,321.426110826099
34,"Klipsan Beach, Long Beach","15",734.064244138375,633.884185849628,533.704616192877,433.525873908892,333.348704930579
34,"Klipsan Beach, Long Beach","16",802.536896911127,676.882826948699,551.229491893953,425.577542699976,299.928721146729
34,"Klipsan Beach, Long Beach","17",720.866481351516,616.424777380996,511.983743973472,407.543896663667,303.106461516988
34,"Klipsan Beach, Long Beach","18",758.525708467829,646.09713941117,533.669228855275,421.24250405403,308.818260048557
34,"Klipsan Beach, Long Beach","19",819.924928553967,689.777428451959,559.630750757995,429.48564311355,299.344153345117
34,"Klipsan Beach, Long Beach","20",770.467445424964,656.50354732434,542.54034698096,428.578401016617,314.619072525242
34,"Klipsan Beach, Long Beach","21",760.182693545846,651.151628076321,542.121176634605,433.091802963704,324.064594891873
34,"Klipsan Beach, Long Beach","22",758.946547602891,646.125437906429,533.305064838561,420.486021332945,307.669769999621
35,"Loomis Lake State Park, Long Beach","97",606.017555110388,499.974935757178,393.933496865248,287.894542850739,181.862420355735
35,"Loomis Lake State Park, Long Beach","98",635.470032648064,521.676521872301,407.888291912734,294.111472088205,180.36765640214
35,"Loomis Lake State Park, Long Beach","99",798.222346152374,644.042247396824,489.868139592552,335.70827687852,181.598940973178
35,"Loomis Lake State Park, Long Beach","10",704.310845217091,587.508469940297,470.706970384504,353.907213604524,237.111775055285
35,"Loomis Lake State Park, Long Beach","11",712.019169256171,590.364396373956,468.710546571097,347.058590545145,225.411594463527
35,"Loomis Lake State Park, Long Beach","12",682.754431955238,583.622381902168,484.490745206049,385.359840868183,286.230429808087
35,"Loomis Lake State Park, Long Beach","13",757.778089576767,639.872081944346,521.966717710686,404.062560107075,286.161100605339
35,"Loomis Lake State Park, Long Beach","14",742.968732087017,628.936826332032,514.90552863609,400.875357897106,286.847658111426
35,"Loomis Lake State Park, Long Beach","15",703.06176100228,607.099951044501,511.138928158789,415.179238097119,319.222082821695
35,"Loomis Lake State Park, Long Beach","16",767.337234795343,635.461877380495,503.587648622299,371.715749769044,239.850023865275
35,"Loomis Lake State Park, Long Beach","17",691.984692165391,575.882464167497,459.781264595294,343.682135705144,227.588246457576
35,"Loomis Lake State Park, Long Beach","18",748.269043699892,624.819672112998,501.371162339097,377.924358909544,254.481745033325
35,"Loomis Lake State Park, Long Beach","19",747.665402846774,623.918943225303,500.173130033165,376.428600785677,252.68724178767
35,"Loomis Lake State Park, Long Beach","20",728.51041564705,602.691783080938,476.874053106808,351.058196181128,225.247350997886
35,"Loomis Lake State Park, Long Beach","21",706.833418548878,601.09289406328,495.352982661458,389.614183510028,283.877739485017
35,"Loomis Lake State Park, Long Beach","22",754.493572043423,651.224231203274,547.955171550533,444.686588984744,341.418916417963
36,"Oceanside 156th Pl, Long Beach","97",584.240907464867,475.488481035424,366.781375003252,258.17684309605,149.898003264434
36,"Oceanside 156th Pl, Long Beach","98",567.233463173097,466.180166922474,365.131743050772,264.093784473624,163.085743321647
36,"Oceanside 156th Pl, Long Beach","99",613.922006642286,500.92571689231,387.929486173378,274.933387269945,161.937696114985
36,"Oceanside 156th Pl, Long Beach","10",697.421402500712,594.514557153182,491.612991226152,388.720897421149,285.848504484098
36,"Oceanside 156th Pl, Long Beach","11",716.164301920828,608.923291636778,501.686926211208,394.458993871645,287.248938801743
36,"Oceanside 156th Pl, Long Beach","12",692.836305222823,595.40465808229,497.977725831003,400.558948855272,303.156189312991
36,"Oceanside 156th Pl, Long Beach","13",744.732606261179,634.722024512344,524.716384021282,414.719616857624,304.741331688962
36,"Oceanside 156th Pl, Long Beach","14",683.181337525361,589.688761224151,496.201080370816,402.721704262699,309.25816381036
36,"Oceanside 156th Pl, Long Beach","15",682.733458667396,588.204769496844,493.681582213074,399.167805385973,304.672196925784
36,"Oceanside 156th Pl, Long Beach","16",698.980386160811,578.868916487672,458.764802810303,338.675871156222,218.627140797099
36,"Oceanside 156th Pl, Long Beach","17",642.395734517567,550.956210970821,459.521389448333,368.094773918358,276.684499175113
36,"Oceanside 156th Pl, Long Beach","18",648.715390307245,555.622829470222,462.534856800921,369.45494042378,276.391219780162
36,"Oceanside 156th Pl, Long Beach","19",677.312190973984,580.737011028868,484.166795682217,387.605255678125,291.061025462218
36,"Oceanside 156th Pl, Long Beach","20",670.620241706341,568.626146409252,466.637906913652,364.660436504658,262.706276532003
37,"Oceanside 115th Ln, Long Beach","97",659.384356757268,543.197242519981,427.025621636207,310.88686317316,194.83974122556
37,"Oceanside 115th Ln, Long Beach","98",610.791047803079,506.810723446863,402.837103485165,298.877184989259,194.952888383523
37,"Oceanside 115th Ln, Long Beach","99",673.65107038167,553.696510443472,433.757714770728,313.852756820689,194.044374305841
37,"Oceanside 115th Ln, Long Beach","10",698.221185745155,606.556093323658,514.910800062629,423.298165886185,331.745248666009
37,"Oceanside 115th Ln, Long Beach","11",754.957930307382,636.534865068876,518.141681219773,399.804925733798,281.595747339189
37,"Oceanside 115th Ln, Long Beach","12",677.714104189584,591.415559507904,505.134181165135,418.880577106941,332.676351303056
37,"Oceanside 115th Ln, Long Beach","13",789.720198011804,674.348421008169,558.998170354065,443.686235730548,328.452975125608
37,"Oceanside 115th Ln, Long Beach","14",759.201951270382,651.917940090622,544.65599258743,437.432339637749,330.284279236338
37,"Oceanside 115th Ln, Long Beach","15",712.835041860165,625.64128507368,538.463195433246,451.309852148647,364.199021167549
37,"Oceanside 115th Ln, Long Beach","16",769.240969154843,647.869946224492,526.527840620309,405.240629513275,284.07863312998
37,"Oceanside 115th Ln, Long Beach","17",766.723317878593,651.857580393507,537.016129791019,422.218784277234,307.51494197674
37,"Oceanside 115th Ln, Long Beach","18",735.865035547615,632.208029840984,528.5728223841,424.975360749859,321.452141133855
37,"Oceanside 115th Ln, Long Beach","19",746.67997754329,638.040853434766,529.425791509648,420.853422292853,312.368266108665
38,"Long Beach 11th St, Long Beach","97",632.856086209738,531.349492819456,430.037654348871,329.10048278285,229.033871620742
38,"Long Beach 11th St, Long Beach","98",605.894668263158,510.805488269114,415.876529818922,321.249860163221,227.303323002086
38,"Long Beach 11th St, Long Beach","99",605.826901733735,510.704348604633,415.621923075522,320.615328136754,225.780310854167
38,"Long Beach 11th St, Long Beach","10",676.434688647273,571.888417520323,467.365938343041,362.887810064502,258.507812656259
38,"Long Beach 11th St, Long Beach","11",695.283427918773,587.335325319456,479.40889618533,371.523029244631,263.727508842907
38,"Long Beach 11th St, Long Beach","12",817.714523736556,681.545382170525,545.399976303797,409.301992314224,273.322279074748
38,"Long Beach 11th St, Long Beach","13",754.995841744367,646.875493409623,538.770750325819,430.693363484317,322.670822669649
38,"Long Beach 11th St, Long Beach","14",710.07151034637,600.771362929,491.491288296044,382.248502510627,273.087759003804
38,"Long Beach 11th St, Long Beach","15",743.675163671213,626.059574190778,508.46595385644,390.914129249637,273.458006069532
38,"Long Beach 11th St, Long Beach","16",759.468224675738,637.841172238553,516.235740257636,394.671914179584,273.205237817878
38,"Long Beach 11th St, Long Beach","17",704.005522521403,584.562256319172,465.146494696173,345.786734543443,226.571499282611
38,"Long Beach 11th St, Long Beach","18",700.436474254887,593.785547516902,487.155501294494,380.563887502802,274.05555372807
38,"Long Beach 11th St, Long Beach","19",651.898194198949,568.440023647251,484.995963116667,401.574808555074,318.19457626396
39,"Holman, Long Beach","97",625.886832950499,537.690927073894,449.495349091673,361.300339126817,273.106447474043
39,"Holman, Long Beach","98",627.629510156145,538.962781291222,450.318626959248,361.713644374526,273.185951025913
39,"Holman, Long Beach","99",620.303032725526,533.367243088569,446.449244173152,359.561938026146,272.734660362229
39,"Holman, Long Beach","10",664.752243861562,569.074141073074,473.397204178875,377.722319141906,282.051574005095
39,"Holman, Long Beach","11",624.648767703713,537.4649939738,450.282405968158,363.101857782934,275.925282912043
39,"Holman, Long Beach","12",658.896988750687,563.026190391485,467.156604043257,371.289168557559,275.426129892487
39,"Holman, Long Beach","13",685.878165573074,584.253265348691,482.630062789111,381.009916303395,279.396160517141
39,"Holman, Long Beach","14",696.926500106032,591.327532581618,485.730366680494,380.13650381087,274.549755110103
39,"Holman, Long Beach","15",670.643864349339,576.460749620826,482.279248368927,388.100535236757,293.927290302667
39,"Holman, Long Beach","16",697.196766418872,591.552435567243,485.909502598792,380.269132557114,274.63428301168
39,"Holman, Long Beach","17",676.045409394886,575.879391336257,475.714412583849,375.551304732729,275.392109191861
39,"Holman, Long Beach","18",680.160162482756,583.924048801529,487.689134065845,391.456302516611,295.227591276662
39,"Holman, Long Beach","19",601.962103627282,520.246739246817,438.53271253977,356.820942511762,275.113439946883
40,"Oceanview South, Long Beach","97",552.024165281323,480.5660726082,409.117721655109,337.68529601555,266.281612321609
40,"Oceanview South, Long Beach","98",571.984459843581,495.834643597511,419.776576952446,343.871145346378,268.247952318833
40,"Oceanview South, Long Beach","99",513.214191745542,451.385089913307,389.568917127714,327.77298851052,266.011412934098
40,"Oceanview South, Long Beach","10",586.584236068468,510.091377575728,433.60216742897,357.118949889329,280.646624405123
40,"Oceanview South, Long Beach","11",663.815441579594,569.287276052697,474.76280486543,380.244783138559,285.739611073964
40,"Oceanview South, Long Beach","12",628.069376593882,538.295288234034,448.524689416793,358.760199659152,269.007934574604
40,"Oceanview South, Long Beach","13",664.908647680666,573.011774696822,481.118469753118,389.231259985162,297.355795937066
40,"Oceanview South, Long Beach","14",619.207016177463,531.503711854506,443.804891477153,356.113867793927,268.438281777051
40,"Oceanview South, Long Beach","15",672.524774878798,573.852812985383,475.183737197952,376.519816482885,277.8665422319
40,"Oceanview South, Long Beach","16",657.962280330037,560.300687813927,462.643508260164,364.994283857568,267.361731190165
40,"Oceanview South, Long Beach","17",624.630005647798,539.440744323601,454.25449118111,369.073329192095,283.901841002506
40,"Oceanview South, Long Beach","18",634.149725270781,545.467563834206,456.78910054365,368.117008031135,279.45735072492
40,"Oceanview South, Long Beach","19",570.346722025133,497.321566982629,424.299620118005,351.282882109978,278.275453246756
41,"Cape Disappointment CANBY, Long Beach","97",513.992684414343,457.392014574543,400.805334420617,344.239542966601,287.70696119849
41,"Cape Disappointment CANBY, Long Beach","98",507.88681465658,452.950641901419,398.090752771822,343.343715294983,288.773721396649
41,"Cape Disappointment CANBY, Long Beach","99",498.642978234888,438.001500981218,377.379067099059,316.786609583213,256.245394186567
41,"Cape Disappointment CANBY, Long Beach","10",479.559530508914,420.854789051796,362.151180442975,303.449362146562,244.750622349749
41,"Cape Disappointment CANBY, Long Beach","11",516.380176719721,447.901370959963,379.423882405774,310.948581288431,242.477320803547
41,"Cape Disappointment CANBY, Long Beach","12",522.640440388806,457.427762378267,392.216756591968,327.008423440711,261.804759970751
41,"Cape Disappointment CANBY, Long Beach","13",533.153490284281,461.713522096516,390.274918205965,318.838595662522,247.406530627054
41,"Cape Disappointment CANBY, Long Beach","14",529.483708514219,455.936272620811,382.390667944754,308.848202684804,235.31182036304
41,"Cape Disappointment CANBY, Long Beach","15",533.501163944016,464.988880328349,396.477768649617,327.968563345136,259.46277451095
41,"Cape Disappointment CANBY, Long Beach","16",569.854765762686,483.320213254,396.787801886425,310.259323180339,223.739339909774
41,"Cape Disappointment CANBY, Long Beach","17",445.974930518256,389.035682847186,332.098050220248,275.163035209865,218.232686566021
41,"Cape Disappointment CANBY, Long Beach","18",500.353400746061,427.861637890333,355.371874742535,282.885648589005,210.406615002939
41,"Cape Disappointment CANBY, Long Beach","19",562.128167033187,474.705435757878,387.284527536178,299.867036809019,212.4571820984
41,"Cape Disappointment CANBY, Long Beach","20",519.950830192562,441.803716852998,363.658840056244,285.51803620038,207.385909258904
41,"Cape Disappointment CANBY, Long Beach","21",494.621605508748,423.512291293123,352.405037568185,281.301406888234,210.205075861525
41,"Cape Disappointment CANBY, Long Beach","22",477.919267979767,414.059568882799,350.20170879224,286.34691805409,222.497839309978
42,"Clatsop Spit","97",490.633780616774,440.887709313856,391.210688404095,341.632841183468,292.204651887042
42,"Clatsop Spit","98",640.268633381394,549.800826369042,459.446490924783,369.288926090566,279.518599392173
42,"Clatsop Spit","99",671.319936855975,576.775384025752,482.535733617481,388.822748073548,296.136842056462
42,"Clatsop Spit","10",585.101880696254,510.152593539486,435.242213569518,360.395002917287,285.660619721437
42,"Clatsop Spit","12",534.894306446625,477.769193968792,420.670781081381,363.61164601686,306.613717723211
42,"Clatsop Spit","13",550.634260115239,487.882406566798,425.161829263058,362.488763532579,299.892998438802
42,"Clatsop Spit","14",503.796684025025,450.998654717467,398.227002716336,345.493815054702,292.819873305806
42,"Clatsop Spit","15",571.291686531022,503.312954714006,435.36400177491,367.4613477293,299.636470549949
42,"Clatsop Spit","16",551.888139930162,484.396984508867,416.943587530606,349.54980866881,282.25835554295
42,"Clatsop Spit","17",569.260754922286,498.0871018342,426.950422485734,355.872889998885,284.898776304555
42,"Clatsop Spit","18",603.772552844111,524.772581522628,445.811612504464,366.914826827131,288.134953143785
42,"Clatsop Spit","19",584.592292943417,508.906015614255,433.259149054381,357.676699690787,282.210429494485
43,"Peter Iredale Rd OBA","97",558.861072785197,491.293956830497,423.813481345574,356.468853521479,289.354940687331
43,"Peter Iredale Rd OBA","98",633.846523450502,546.397361251859,459.367678177769,373.051172635264,288.089599488343
43,"Peter Iredale Rd OBA","99",608.691474886362,526.760922254086,444.99936902895,363.5208649664,282.57036593245
43,"Peter Iredale Rd OBA","10",543.290956856141,476.796178820828,410.320621732518,343.875432742816,277.482428296776
43,"Peter Iredale Rd OBA","12",555.135899449245,492.297344467386,429.474626735574,366.675886550286,303.915987853469
43,"Peter Iredale Rd OBA","13",597.631848071625,522.251351498666,446.890229016791,371.560269370961,296.285242790063
43,"Peter Iredale Rd OBA","14",548.659058310427,480.917608989039,413.194766894162,345.501473983932,277.859327798758
43,"Peter Iredale Rd OBA","15",634.176518300572,548.08266301815,462.008058061755,375.965925321179,289.985170943129
43,"Peter Iredale Rd OBA","16",609.280877777606,526.340874864329,443.422957627667,360.542364251993,277.732511169256
43,"Peter Iredale Rd OBA","17",561.64372911634,494.015826217162,426.40561583662,358.82309909994,291.287552506239
43,"Peter Iredale Rd OBA","18",606.561895040161,522.893170255077,439.247669679626,355.641780410349,272.112016388079
43,"Peter Iredale Rd OBA","19",570.364395984844,497.118088031409,423.892246938615,350.699693337689,277.566761564605
44,"Delaura Beach Rd OBA","97",608.564329547325,515.066802338434,421.749505350958,328.765944670773,236.510072101781
44,"Delaura Beach Rd OBA","98",635.048320547642,535.896193745836,436.763139404366,337.665956003367,238.649333070949
44,"Delaura Beach Rd OBA","99",642.482022319576,541.284037948178,440.092198298634,338.912007461184,237.758337670044
44,"Delaura Beach Rd OBA","10",636.155287468908,544.653085013883,453.165066784739,361.701996111908,270.289200167288
44,"Delaura Beach Rd OBA","12",672.13611765128,593.383697000584,514.638948876218,435.90603133509,357.192767602813
44,"Delaura Beach Rd OBA","13",661.598285374971,570.662162847507,479.738293091877,388.835271638131,297.972179807676
44,"Delaura Beach Rd OBA","14",572.268270284878,518.57954951545,464.898049944056,411.226599544872,357.56972350865
44,"Delaura Beach Rd OBA","15",709.544536114609,617.879446677976,526.224079578473,434.584586281555,342.973691036099
44,"Delaura Beach Rd OBA","16",703.74468984788,603.184879289078,502.638448077711,402.115432603747,301.639244063778
44,"Delaura Beach Rd OBA","17",644.491500311277,553.056850781044,461.636801369178,370.24216739993,278.89793585419
44,"Delaura Beach Rd OBA","18",662.0618121118,572.25480441823,482.459082352781,392.682388135196,302.941638934654
44,"Delaura Beach Rd OBA","19",641.493968089495,556.624565427674,471.766587238901,386.927550179209,302.123411200589
44,"Delaura Beach Rd OBA","20",627.701847986311,553.46952433692,479.246277111811,405.037096119366,330.851446561096
44,"Delaura Beach Rd OBA","21",616.561265584704,540.577505450515,464.603660051332,388.645543936101,312.714619204109
44,"Delaura Beach Rd OBA","22",631.153325698751,562.338376094267,493.530433652338,424.732903927656,355.951824607795
45,"Slusher Lake Rd OBA","97",654.141507590835,564.835577257253,475.572463857963,386.381843629342,297.328961682108
45,"Slusher Lake Rd OBA","98",658.445784082319,568.411178040817,478.431776947273,388.545935751851,298.838090461817
45,"Slusher Lake Rd OBA","99",696.216313162149,596.472423631934,496.838404293648,397.396902600087,298.340488031112
45,"Slusher Lake Rd OBA","10",679.345730752634,586.19714646629,493.048659005566,399.900336031104,306.752327386438
45,"Slusher Lake Rd OBA","12",686.526866257589,609.752424741836,532.978132194766,456.204063825961,379.430355716367
45,"Slusher Lake Rd OBA","13",733.929835954092,635.723019001892,537.516258079181,439.309590761787,341.103097899171
45,"Slusher Lake Rd OBA","14",681.835562447116,606.52060984873,531.205672626808,455.890758402125,380.575880827883
45,"Slusher Lake Rd OBA","15",717.037264611432,633.084780678176,549.132310148326,465.179860278737,381.22744471855
45,"Slusher Lake Rd OBA","16",696.220555692614,609.200374925778,522.180206968923,435.160059506997,348.139947908579
45,"Slusher Lake Rd OBA","17",718.743679805012,608.411969544515,498.080325294594,387.748803404006,277.417549863139
45,"Slusher Lake Rd OBA","18",825.624795296647,696.748513301263,567.872401589336,438.996610131091,310.121538185837
45,"Slusher Lake Rd OBA","19",727.591385154427,602.69949508838,477.807744147547,352.91628003484,228.025574045044
45,"Slusher Lake Rd OBA","20",719.545729586102,611.70269338167,503.859742395201,396.016946246157,288.174478767735
45,"Slusher Lake Rd OBA","21",709.270347479469,612.228247215574,515.186240328961,418.144391832027,321.102845327559
45,"Slusher Lake Rd OBA","22",679.080662120141,604.796025151394,530.511436225419,456.226918809776,381.94251462892
46,"Del Rey Beach Rd OBA","97",628.35801396621,508.807667806851,389.378060059877,270.229321551799,152.023289433339
46,"Del Rey Beach Rd OBA","98",687.330536833011,553.257544561052,419.23500857619,285.334036297136,151.87649645332
46,"Del Rey Beach Rd OBA","99",654.284128185025,542.541091405805,430.847163835102,319.253893567051,207.923413262467
46,"Del Rey Beach Rd OBA","10",677.813153450368,586.906948034244,496.0010159276,405.095541127469,314.190920574272
47,"Seaside Beach","97",801.765332165109,677.144341735009,552.523495576233,427.902919739852,303.28294745684
47,"Seaside Beach","98",884.496488237606,739.592952008612,594.876242339504,450.526430769743,307.061391300304
47,"Seaside Beach","99",835.825099408466,701.638019715696,567.451075487171,433.264392587364,299.078322765579
47,"Seaside Beach","10",825.212685283805,695.096852320375,565.000862973871,434.942523926823,304.970008331181
48,"Quinault Beach, North Beach","99",546.346384439901,456.881620092413,367.4672208982,278.151762100637,189.075508073909
48,"Quinault Beach, North Beach","10",669.44745929446,565.210731770645,460.99628267294,356.823632547634,252.744471012456
48,"Quinault Beach, North Beach","11",791.917168685058,659.835001507712,527.775037851069,395.759505445213,263.855104042556
48,"Quinault Beach, North Beach","12",765.336289144072,644.997017917119,524.677970573559,404.397198964696,284.203304516158
48,"Quinault Beach, North Beach","13",762.496079016565,644.033120005646,525.590296227137,407.185178987935,288.864139626356
48,"Quinault Beach, North Beach","14",780.500068144451,659.023298216547,537.565121026012,416.141816725933,294.796479702558
48,"Quinault Beach, North Beach","15",783.304323049139,656.719177317306,530.154716685906,403.630400009039,277.201202049615
48,"Quinault Beach, North Beach","16",792.42598798105,661.29346569208,530.182286993804,399.113486933935,268.149215547608
48,"Quinault Beach, North Beach","17",761.819517069215,637.353455985575,512.906949770111,388.498790712013,264.183159272867
48,"Quinault Beach, North Beach","18",730.10492865979,613.589437495254,497.093270616275,380.63417149817,264.261151639958
48,"Quinault Beach, North Beach","19",782.841262720494,659.762880021223,536.703715045382,413.680918446491,290.740660182773
49,"Chautauqua Resort, Long Beach","10",701.481751663594,602.962682928546,504.47662707848,406.047606456796,307.730354899919
49,"Chautauqua Resort, Long Beach","11",681.367290475556,589.149192374394,496.958725500123,404.814768080363,312.758430247965
49,"Chautauqua Resort, Long Beach","12",664.327764331024,577.95121456637,491.599797312075,405.289577162604,319.053989689576
49,"Chautauqua Resort, Long Beach","13",770.119938329492,662.351722766187,554.612174910595,446.922028026947,339.328319450864
49,"Chautauqua Resort, Long Beach","14",757.813630655877,654.111593962393,550.436401227856,446.806739127595,343.263846560517
49,"Chautauqua Resort, Long Beach","15",738.343428962639,633.328574353196,528.345093678176,423.416324504647,318.596328638434
49,"Chautauqua Resort, Long Beach","16",703.389290469751,601.277609753177,499.199570384655,397.181111324214,295.283992712155
49,"Chautauqua Resort, Long Beach","17",694.703066295165,594.94880015792,495.227700536665,395.564851861642,296.019095258733
49,"Chautauqua Resort, Long Beach","18",743.112821531173,636.753256219157,530.425827618618,424.154704584975,317.996342362134
49,"Chautauqua Resort, Long Beach","19",680.842159305625,589.500445297208,498.187795581496,406.923776486634,315.750559171269
50,"Seaview, Long Beach","10",613.600925903433,534.300039380877,454.999155839824,375.698277168215,296.397407274576
50,"Seaview, Long Beach","11",643.982435783757,559.837206613561,475.692165739307,391.547434557567,307.403267382533
50,"Seaview, Long Beach","12",690.70458962837,595.402305943416,500.100217950151,404.798463864247,309.497352140398
50,"Seaview, Long Beach","13",699.71309130966,602.090768625957,504.468643468146,406.846858024177,309.225734034667
50,"Seaview, Long Beach","14",671.180667290065,581.454645961926,491.728837149988,402.003383153029,312.278589812781
50,"Seaview, Long Beach","15",703.494984153012,604.959939593963,506.425045427413,407.890410645219,309.356283100949
50,"Seaview, Long Beach","16",688.093574974889,581.085970608667,474.078446120344,367.071071367266,260.064031182156
50,"Seaview, Long Beach","17",669.491864353788,561.02079389325,452.550191199285,344.080498659314,235.612973305859
50,"Seaview, Long Beach","18",647.494708454166,563.626722456794,479.758836805847,395.891115275254,312.023690205002
50,"Seaview, Long Beach","19",593.590300159964,522.208709901104,450.827225357779,379.44590619167,308.064867360804
51,"Beard's Hollow Cape Disappointment, Long Beach","10",659.662586953198,566.313644862462,472.967213233005,379.625143969319,286.29170399865
51,"Beard's Hollow Cape Disappointment, Long Beach","11",632.199273825585,555.945899251408,479.693917930023,403.444119847296,327.198031343962
51,"Beard's Hollow Cape Disappointment, Long Beach","12",597.740805993827,530.484304713781,463.228850869241,395.974978174141,328.72365709637
51,"Beard's Hollow Cape Disappointment, Long Beach","13",610.85465569253,536.69299004686,462.532737094981,388.374706100531,314.220470255742
51,"Beard's Hollow Cape Disappointment, Long Beach","14",623.861754444094,552.788739380711,481.717095098173,410.647533328965,339.581361597175
51,"Beard's Hollow Cape Disappointment, Long Beach","15",703.500091547694,612.01268184066,520.526471377324,429.042227315503,337.56154843192
51,"Beard's Hollow Cape Disappointment, Long Beach","16",707.562350458753,614.324355663112,521.087513393017,427.852577117798,334.621140033846
51,"Beard's Hollow Cape Disappointment, Long Beach","17",639.144786394333,562.145952311079,485.148708028024,408.153953281928,331.163424512579
51,"Beard's Hollow Cape Disappointment, Long Beach","18",644.310523932101,566.081217089513,487.853503684314,409.628296625326,331.407370706869
51,"Beard's Hollow Cape Disappointment, Long Beach","19",535.324550728365,485.289362076847,435.254952482047,385.221625506771,335.189865954715
52,"A Loop Cape Disappointment, Long Beach","10",490.931329439501,441.548250806741,392.325664861978,343.332606639591,294.683579807431
52,"A Loop Cape Disappointment, Long Beach","11",501.56307607406,444.728241891729,388.10459783489,331.80028398769,276.010793117329
52,"A Loop Cape Disappointment, Long Beach","12",479.365166461984,429.520610405095,379.855407550609,330.450435716341,281.44277255206
52,"A Loop Cape Disappointment, Long Beach","13",549.987072856321,483.988931020965,418.214302477957,352.788226345433,287.948389304917
52,"A Loop Cape Disappointment, Long Beach","14",516.623503271116,455.690898167679,394.983173956064,334.622747640852,274.838536715234
52,"A Loop Cape Disappointment, Long Beach","15",560.478281419602,491.012238140718,421.781441107484,352.924357503614,284.712262071393
52,"A Loop Cape Disappointment, Long Beach","16",545.655179826888,479.902303263696,414.376020105964,349.203910853131,284.629367119076
52,"A Loop Cape Disappointment, Long Beach","17",432.151379693491,392.851760736695,353.698995079935,314.747890526516,276.083813949549
52,"A Loop Cape Disappointment, Long Beach","18",477.976073513274,425.893518267403,374.011565509266,322.427067022495,271.309742074022
52,"A Loop Cape Disappointment, Long Beach","19",425.758910710946,386.248860139501,346.89633977509,307.761784210848,268.940360996538
53,"Benson Beach North Cape Disappointment, Long Beach","10",544.593936512638,474.50992260495,404.505809046615,334.631744447587,264.990624681904
53,"Benson Beach North Cape Disappointment, Long Beach","11",544.842579066653,474.218180191574,403.673886102554,333.26057020719,263.083421038414
53,"Benson Beach North Cape Disappointment, Long Beach","12",591.938700854169,517.998427742776,444.123406033898,370.352685285776,296.764058264711
53,"Benson Beach North Cape Disappointment, Long Beach","13",608.583541468069,529.422006911707,450.332445875303,371.360846297341,292.602734892051
53,"Benson Beach North Cape Disappointment, Long Beach","14",639.1358692989,552.344960363955,465.630667829644,379.045577967329,292.704371847678
53,"Benson Beach North Cape Disappointment, Long Beach","15",537.18311205729,475.867438332308,414.614418540071,353.456627422135,292.45381359603
53,"Benson Beach North Cape Disappointment, Long Beach","16",476.787211849652,413.614190723348,350.541292505168,287.634390040127,225.032736541633
53,"Benson Beach North Cape Disappointment, Long Beach","17",443.165482385522,391.521369918633,339.95369070909,288.503433167221,237.247003080282
53,"Benson Beach North Cape Disappointment, Long Beach","18",522.051834347038,445.746514179886,369.55582629032,293.569036633535,217.999464398412
53,"Benson Beach North Cape Disappointment, Long Beach","19",505.764639184179,433.434617879766,361.21416540203,289.185383760298,217.538747484403
54,"Benson Beach South Cape Disappointment, Long Beach","10",475.966237693567,416.710375195918,357.454512988616,298.198651244748,238.942790309095
54,"Benson Beach South Cape Disappointment, Long Beach","11",599.773558402091,507.715554460143,415.65764715976,323.599918978856,231.542583562857
54,"Benson Beach South Cape Disappointment, Long Beach","12",583.002555323776,506.323869157927,429.645203638807,352.966572222291,276.288003302022
54,"Benson Beach South Cape Disappointment, Long Beach","13",565.468022175193,489.066395081164,412.664841767586,336.26341252495,259.862216786569
54,"Benson Beach South Cape Disappointment, Long Beach","14",528.586778593573,465.478387209537,402.370036436559,339.261748937598,276.153568091917
54,"Benson Beach South Cape Disappointment, Long Beach","15",561.113219289279,488.409893674952,415.706594584553,343.003338884194,270.300161586002
54,"Benson Beach South Cape Disappointment, Long Beach","16",505.647908705353,427.79367977125,349.93947702615,272.08532295119,194.231276072085
54,"Benson Beach South Cape Disappointment, Long Beach","17",466.605356160466,395.09836520795,323.591380410014,252.084407004135,180.577458523755
54,"Benson Beach South Cape Disappointment, Long Beach","18",525.674394252479,445.58384344853,365.493337902928,285.402915717299,205.312674445283
54,"Benson Beach South Cape Disappointment, Long Beach","19",452.633618980146,392.396074702731,332.158559104889,271.921091246413,211.683711881951
